{"mean":{"confidence_interval":{"confidence_level":0.95,"lower_bound":579117561.5682501,"upper_bound":638832842.8199999},"point_estimate":608295539.85,"standard_error":15236825.992335366},"median":{"confidence_interval":{"confidence_level":0.95,"lower_bound":534508302.5,"upper_bound":617872218.0},"point_estimate":565923584.0,"standard_error":20147107.974812713},"median_abs_dev":{"confidence_interval":{"confidence_level":0.95,"lower_bound":107474572.03014493,"upper_bound":179224533.68399593},"point_estimate":144595123.6518234,"standard_error":17538271.131716695},"slope":null,"std_dev":{"confidence_interval":{"confidence_level":0.95,"lower_bound":128213062.77161455,"upper_bound":174215318.4415211},"point_estimate":153299686.71529952,"standard_error":11725504.03148268}}