{"mean":{"confidence_interval":{"confidence_level":0.95,"lower_bound":81199194.0395,"upper_bound":87190618.27},"point_estimate":84009182.98,"standard_error":1531597.2482210272},"median":{"confidence_interval":{"confidence_level":0.95,"lower_bound":77199209.0,"upper_bound":77759237.7},"point_estimate":77324618.0,"standard_error":141702.77763998474},"median_abs_dev":{"confidence_interval":{"confidence_level":0.95,"lower_bound":575330.3327858448,"upper_bound":1438064.8943692446},"point_estimate":875381.1393588781,"standard_error":227241.185796273},"slope":null,"std_dev":{"confidence_interval":{"confidence_level":0.95,"lower_bound":10618285.280311147,"upper_bound":19445253.844967414},"point_estimate":15388673.204417992,"standard_error":2251641.7711849455}}