{"mean":{"confidence_interval":{"confidence_level":0.95,"lower_bound":308533786.91,"upper_bound":312716732.46825},"point_estimate":310520178.29,"standard_error":1070837.5604768514},"median":{"confidence_interval":{"confidence_level":0.95,"lower_bound":304806318.0,"upper_bound":307721007.0},"point_estimate":306796185.0,"standard_error":828712.0226301356},"median_abs_dev":{"confidence_interval":{"confidence_level":0.95,"lower_bound":3524215.0087326765,"upper_bound":6787164.767503738},"point_estimate":5188048.744493723,"standard_error":898861.064857182},"slope":null,"std_dev":{"confidence_interval":{"confidence_level":0.95,"lower_bound":8250821.982038194,"upper_bound":13193772.34215607},"point_estimate":10727775.27284878,"standard_error":1271105.5578651056}}