{"mean":{"confidence_interval":{"confidence_level":0.95,"lower_bound":91629843.5,"upper_bound":95519798.11075},"point_estimate":93532981.48,"standard_error":993519.8002112119},"median":{"confidence_interval":{"confidence_level":0.95,"lower_bound":89144805.5,"upper_bound":94298004.0},"point_estimate":91943504.5,"standard_error":1285407.3055423668},"median_abs_dev":{"confidence_interval":{"confidence_level":0.95,"lower_bound":6429214.0026911395,"upper_bound":11402463.644465804},"point_estimate":8271500.865751505,"standard_error":1266163.9917639054},"slope":null,"std_dev":{"confidence_interval":{"confidence_level":0.95,"lower_bound":8210062.4204926565,"upper_bound":11554369.59804627},"point_estimate":9982667.865724351,"standard_error":852793.415196867}}