{"mean":{"confidence_interval":{"confidence_level":0.95,"lower_bound":0.18465601582035052,"upper_bound":0.33898680891401406},"point_estimate":0.2594959280221718,"standard_error":0.038674524841110856},"median":{"confidence_interval":{"confidence_level":0.95,"lower_bound":0.10683656125242047,"upper_bound":0.1459462176009314},"point_estimate":0.12964248262495337,"standard_error":0.010769321375967094}}