{"mean":{"confidence_interval":{"confidence_level":0.95,"lower_bound":0.025472328527434192,"upper_bound":0.11818881081585772},"point_estimate":0.06922300761676214,"standard_error":0.023528404862500407},"median":{"confidence_interval":{"confidence_level":0.95,"lower_bound":-0.021536983903730378,"upper_bound":-0.009646197939699785},"point_estimate":-0.015768665731797027,"standard_error":0.0030390202978349294}}