{"mean":{"confidence_interval":{"confidence_level":0.95,"lower_bound":-0.06109406595792199,"upper_bound":0.2068705081415631},"point_estimate":0.05726732235768295,"standard_error":0.06824328544693575},"median":{"confidence_interval":{"confidence_level":0.95,"lower_bound":0.019882941804692633,"upper_bound":0.26868264133681885},"point_estimate":0.1061360886698175,"standard_error":0.06435176224230228}}