{"mean":{"confidence_interval":{"confidence_level":0.95,"lower_bound":-0.07771080333713402,"upper_bound":0.046176336333864754},"point_estimate":-0.021418642935252863,"standard_error":0.031777357076960354},"median":{"confidence_interval":{"confidence_level":0.95,"lower_bound":-0.04981224207521614,"upper_bound":-0.020870454515792947},"point_estimate":-0.03463309646466051,"standard_error":0.007388676013124195}}