{"mean":{"confidence_interval":{"confidence_level":0.95,"lower_bound":-0.14367994632509018,"upper_bound":-0.05941826604890379},"point_estimate":-0.0998472794481704,"standard_error":0.02152188262581591},"median":{"confidence_interval":{"confidence_level":0.95,"lower_bound":-0.07127682411444924,"upper_bound":-0.014173483345452764},"point_estimate":-0.03748148136957241,"standard_error":0.01470011801471084}}