{"mean":{"confidence_interval":{"confidence_level":0.95,"lower_bound":106286661.96275,"upper_bound":110542559.20625},"point_estimate":108345897.06,"standard_error":1087592.8400189849},"median":{"confidence_interval":{"confidence_level":0.95,"lower_bound":103697813.5,"upper_bound":108889819.0},"point_estimate":106029215.0,"standard_error":1091450.5333369204},"median_abs_dev":{"confidence_interval":{"confidence_level":0.95,"lower_bound":7221436.832293868,"upper_bound":12213032.184675336},"point_estimate":9434894.841197133,"standard_error":1260350.2189341567},"slope":null,"std_dev":{"confidence_interval":{"confidence_level":0.95,"lower_bound":8814275.654443579,"upper_bound":12821349.066824388},"point_estimate":10873974.840455754,"standard_error":1027912.7077652541}}