{"mean":{"confidence_interval":{"confidence_level":0.95,"lower_bound":10953900965.83,"upper_bound":11616800286.1365},"point_estimate":11275165505.86,"standard_error":169611490.57015607},"median":{"confidence_interval":{"confidence_level":0.95,"lower_bound":10432544024.0,"upper_bound":11314284009.0},"point_estimate":10670228722.5,"standard_error":199471462.6270867},"median_abs_dev":{"confidence_interval":{"confidence_level":0.95,"lower_bound":870235049.6762395,"upper_bound":1888125038.7754798},"point_estimate":1476915521.552208,"standard_error":242561573.07988414},"slope":null,"std_dev":{"confidence_interval":{"confidence_level":0.95,"lower_bound":1350301558.8278992,"upper_bound":2068342118.2058494},"point_estimate":1703109148.9764872,"standard_error":185766029.1177034}}