{"mean":{"confidence_interval":{"confidence_level":0.95,"lower_bound":80347964.40475,"upper_bound":83644532.95799999},"point_estimate":81883687.95,"standard_error":842674.672785718},"median":{"confidence_interval":{"confidence_level":0.95,"lower_bound":78088515.11250001,"upper_bound":79413803.0},"point_estimate":78484945.0,"standard_error":341392.73664578225},"median_abs_dev":{"confidence_interval":{"confidence_level":0.95,"lower_bound":1731395.0752615929,"upper_bound":3665617.239922285},"point_estimate":2357255.3803503513,"standard_error":511628.4560677309},"slope":null,"std_dev":{"confidence_interval":{"confidence_level":0.95,"lower_bound":5721086.240654065,"upper_bound":10756553.706642099},"point_estimate":8485714.555329736,"standard_error":1287529.5934090542}}