{"mean":{"confidence_interval":{"confidence_level":0.95,"lower_bound":0.15296843111206535,"upper_bound":0.26770140099681344},"point_estimate":0.20977978521441765,"standard_error":0.029219007100214522},"median":{"confidence_interval":{"confidence_level":0.95,"lower_bound":0.31663497484707803,"upper_bound":0.37335499322163046},"point_estimate":0.3448193602992431,"standard_error":0.01507746042061554}}