{"mean":{"confidence_interval":{"confidence_level":0.95,"lower_bound":469600344.66025,"upper_bound":491599206.7245},"point_estimate":479799743.59,"standard_error":5621606.399243045},"median":{"confidence_interval":{"confidence_level":0.95,"lower_bound":459140184.0,"upper_bound":467004345.0},"point_estimate":463498756.5,"standard_error":2070821.579502803},"median_abs_dev":{"confidence_interval":{"confidence_level":0.95,"lower_bound":20867086.097735167,"upper_bound":34937959.120327234},"point_estimate":29686171.17906511,"standard_error":3609636.4028149247},"slope":null,"std_dev":{"confidence_interval":{"confidence_level":0.95,"lower_bound":33955307.39319122,"upper_bound":75394980.8584547},"point_estimate":56651049.37295575,"standard_error":10496008.228769802}}