{"mean":{"confidence_interval":{"confidence_level":0.95,"lower_bound":-0.331568490519,"upper_bound":-0.21419448354558557},"point_estimate":-0.2783088704853869,"standard_error":0.03019055244626432},"median":{"confidence_interval":{"confidence_level":0.95,"lower_bound":-0.4376799200646114,"upper_bound":-0.26207092926439074},"point_estimate":-0.3487917039942028,"standard_error":0.04658252198426249}}