{"mean":{"confidence_interval":{"confidence_level":0.95,"lower_bound":-0.19652663992258765,"upper_bound":-0.07107737160027172},"point_estimate":-0.1375128751911524,"standard_error":0.03263712297668794},"median":{"confidence_interval":{"confidence_level":0.95,"lower_bound":-0.28579951928268355,"upper_bound":-0.1556486648098081},"point_estimate":-0.23299353245354615,"standard_error":0.03315378854235506}}