{"mean":{"confidence_interval":{"confidence_level":0.95,"lower_bound":182033767.7175,"upper_bound":188744828.96},"point_estimate":185100286.13,"standard_error":1718512.5551022715},"median":{"confidence_interval":{"confidence_level":0.95,"lower_bound":179229984.5,"upper_bound":181704269.5},"point_estimate":180326874.5,"standard_error":595039.3456799388},"median_abs_dev":{"confidence_interval":{"confidence_level":0.95,"lower_bound":5098984.03442994,"upper_bound":8014140.78412056},"point_estimate":6631877.98756063,"standard_error":739324.5694476668},"slope":null,"std_dev":{"confidence_interval":{"confidence_level":0.95,"lower_bound":9462381.151648492,"upper_bound":23286028.489503153},"point_estimate":17263601.976225697,"standard_error":3487247.1516326386}}