{"mean":{"confidence_interval":{"confidence_level":0.95,"lower_bound":195474173.31974998,"upper_bound":211852884.15425},"point_estimate":203325405.04,"standard_error":4190873.3324139193},"median":{"confidence_interval":{"confidence_level":0.95,"lower_bound":181242689.0,"upper_bound":194428672.0},"point_estimate":187680163.0,"standard_error":3635873.90063598},"median_abs_dev":{"confidence_interval":{"confidence_level":0.95,"lower_bound":15475050.870662928,"upper_bound":32809307.31251836},"point_estimate":23204039.49534595,"standard_error":4724149.814155888},"slope":null,"std_dev":{"confidence_interval":{"confidence_level":0.95,"lower_bound":31818058.452533606,"upper_bound":51334907.24036972},"point_estimate":42309060.76375472,"standard_error":4989163.306193147}}