{"mean":{"confidence_interval":{"confidence_level":0.95,"lower_bound":205395301.53775,"upper_bound":221690279.0725},"point_estimate":213238362.16,"standard_error":4167120.9911156003},"median":{"confidence_interval":{"confidence_level":0.95,"lower_bound":195031362.0,"upper_bound":206475327.0},"point_estimate":198826117.5,"standard_error":2297499.508523309},"median_abs_dev":{"confidence_interval":{"confidence_level":0.95,"lower_bound":14856131.357350945,"upper_bound":31262798.38437438},"point_estimate":23465936.33289635,"standard_error":4326377.007349993},"slope":null,"std_dev":{"confidence_interval":{"confidence_level":0.95,"lower_bound":32432165.499965142,"upper_bound":49194137.65056529},"point_estimate":41592633.745032206,"standard_error":4299179.045012409}}