{"mean":{"confidence_interval":{"confidence_level":0.95,"lower_bound":177705058.88,"upper_bound":186448548.184},"point_estimate":181615720.75,"standard_error":2250235.623203394},"median":{"confidence_interval":{"confidence_level":0.95,"lower_bound":173499091.0,"upper_bound":177763122.0},"point_estimate":176338997.5,"standard_error":1013325.971563329},"median_abs_dev":{"confidence_interval":{"confidence_level":0.95,"lower_bound":4628611.494243223,"upper_bound":7327765.937206149},"point_estimate":5632186.770808697,"standard_error":665415.7687405575},"slope":null,"std_dev":{"confidence_interval":{"confidence_level":0.95,"lower_bound":10640006.998060752,"upper_bound":32050884.901025016},"point_estimate":22600100.60702578,"standard_error":5551769.106119604}}