{"mean":{"confidence_interval":{"confidence_level":0.95,"lower_bound":-0.009815738263552035,"upper_bound":0.10155161378048555},"point_estimate":0.0443757308699555,"standard_error":0.028534980644858488},"median":{"confidence_interval":{"confidence_level":0.95,"lower_bound":-0.025901332052269188,"upper_bound":0.02879920862811436},"point_estimate":0.0027345339922790757,"standard_error":0.014105742277589211}}