{"mean":{"confidence_interval":{"confidence_level":0.95,"lower_bound":4227813.220096154,"upper_bound":4621197.740711538},"point_estimate":4418551.44846154,"standard_error":100390.17065705858},"median":{"confidence_interval":{"confidence_level":0.95,"lower_bound":3907993.769230769,"upper_bound":4447766.461538462},"point_estimate":4251844.0,"standard_error":147600.7247523251},"median_abs_dev":{"confidence_interval":{"confidence_level":0.95,"lower_bound":646162.3448514022,"upper_bound":1108363.970084145},"point_estimate":929373.1536695588,"standard_error":119273.59121161656},"slope":null,"std_dev":{"confidence_interval":{"confidence_level":0.95,"lower_bound":822622.7495045522,"upper_bound":1168425.6981440324},"point_estimate":1007525.0994916507,"standard_error":88431.22413682462}}