{"mean":{"confidence_interval":{"confidence_level":0.95,"lower_bound":-0.44376604353937416,"upper_bound":-0.40031322538456265},"point_estimate":-0.4222455883693321,"standard_error":0.011041658674517105},"median":{"confidence_interval":{"confidence_level":0.95,"lower_bound":-0.44709947213547163,"upper_bound":-0.3980213656747221},"point_estimate":-0.4107888065737584,"standard_error":0.013574908479810762}}