{"mean":{"confidence_interval":{"confidence_level":0.95,"lower_bound":0.11892640572690345,"upper_bound":0.17198495388518925},"point_estimate":0.1476424392612241,"standard_error":0.013537271672889083},"median":{"confidence_interval":{"confidence_level":0.95,"lower_bound":0.13786646189018714,"upper_bound":0.16042158221083946},"point_estimate":0.14559552043462998,"standard_error":0.005197433103828752}}