{"mean":{"confidence_interval":{"confidence_level":0.95,"lower_bound":-0.036235679615672804,"upper_bound":0.12603747768313966},"point_estimate":0.04627520867368662,"standard_error":0.04152327133425256},"median":{"confidence_interval":{"confidence_level":0.95,"lower_bound":0.018233012848647867,"upper_bound":0.05452067488936015},"point_estimate":0.03902469251512075,"standard_error":0.010891906470244886}}