{"mean":{"confidence_interval":{"confidence_level":0.95,"lower_bound":-0.012407739369915726,"upper_bound":0.02758276067961169},"point_estimate":0.0061800886360450225,"standard_error":0.010278912545328037},"median":{"confidence_interval":{"confidence_level":0.95,"lower_bound":-0.011945979327244172,"upper_bound":-0.006480728992986573},"point_estimate":-0.009020553131398046,"standard_error":0.0013832600380708033}}