{"mean":{"confidence_interval":{"confidence_level":0.95,"lower_bound":-0.31503566112399156,"upper_bound":-0.2060883612519742},"point_estimate":-0.2627261765395137,"standard_error":0.027930746874175825},"median":{"confidence_interval":{"confidence_level":0.95,"lower_bound":-0.3877460692908046,"upper_bound":-0.24310880397560675},"point_estimate":-0.32471268304611056,"standard_error":0.04049309164155552}}