{"mean":{"confidence_interval":{"confidence_level":0.95,"lower_bound":0.2613323246467395,"upper_bound":0.36480199467903995},"point_estimate":0.31355399118143246,"standard_error":0.02647834235352323},"median":{"confidence_interval":{"confidence_level":0.95,"lower_bound":0.3409122091757668,"upper_bound":0.44401911815515116},"point_estimate":0.39244199888582143,"standard_error":0.026537282790059197}}