{"mean":{"confidence_interval":{"confidence_level":0.95,"lower_bound":0.19098387170614864,"upper_bound":0.26099036106441326},"point_estimate":0.2231376646520602,"standard_error":0.018027415072945006},"median":{"confidence_interval":{"confidence_level":0.95,"lower_bound":0.1794401253852962,"upper_bound":0.21878546771080565},"point_estimate":0.19450285553504143,"standard_error":0.011200391950460346}}