{"mean":{"confidence_interval":{"confidence_level":0.95,"lower_bound":-0.1379992347298615,"upper_bound":-0.04559195184709031},"point_estimate":-0.09116971200164192,"standard_error":0.023736109853071275},"median":{"confidence_interval":{"confidence_level":0.95,"lower_bound":-0.0067003295560117415,"upper_bound":-0.0022005841519551206},"point_estimate":-0.004271355995877579,"standard_error":0.0011951756818153832}}