{"mean":{"confidence_interval":{"confidence_level":0.95,"lower_bound":-0.41890223800984766,"upper_bound":-0.3668615117044654},"point_estimate":-0.3936054802691932,"standard_error":0.013434626315899822},"median":{"confidence_interval":{"confidence_level":0.95,"lower_bound":-0.43989648960009886,"upper_bound":-0.3866625750178544},"point_estimate":-0.409189943266444,"standard_error":0.013476110295892988}}