{"mean":{"confidence_interval":{"confidence_level":0.95,"lower_bound":-0.4809314484721823,"upper_bound":-0.39569080588018174},"point_estimate":-0.44090336297383237,"standard_error":0.021800976788711037},"median":{"confidence_interval":{"confidence_level":0.95,"lower_bound":-0.5403207233924088,"upper_bound":-0.4150181062336346},"point_estimate":-0.4927185145690046,"standard_error":0.03489260917915706}}