{"mean":{"confidence_interval":{"confidence_level":0.95,"lower_bound":0.04791453167561362,"upper_bound":0.1268977393407149},"point_estimate":0.08637739932088762,"standard_error":0.02007692550414475},"median":{"confidence_interval":{"confidence_level":0.95,"lower_bound":0.06380349061671842,"upper_bound":0.07967958845338363},"point_estimate":0.07494074744408574,"standard_error":0.004191401769721968}}