{"mean":{"confidence_interval":{"confidence_level":0.95,"lower_bound":71582883.4135,"upper_bound":77441792.57825},"point_estimate":74281858.85,"standard_error":1495019.0954527266},"median":{"confidence_interval":{"confidence_level":0.95,"lower_bound":68743498.0,"upper_bound":69871283.5},"point_estimate":69280037.0,"standard_error":279350.4636056412},"median_abs_dev":{"confidence_interval":{"confidence_level":0.95,"lower_bound":1105709.7169697285,"upper_bound":2612614.6933168173},"point_estimate":1791510.7976943254,"standard_error":376719.44685990945},"slope":null,"std_dev":{"confidence_interval":{"confidence_level":0.95,"lower_bound":9312643.587755878,"upper_bound":19441517.161685467},"point_estimate":15071983.52582021,"standard_error":2567809.6407876783}}