{"mean":{"confidence_interval":{"confidence_level":0.95,"lower_bound":-0.4207188511209159,"upper_bound":-0.36537197028068663},"point_estimate":-0.3939864683197555,"standard_error":0.014107749474138325},"median":{"confidence_interval":{"confidence_level":0.95,"lower_bound":-0.42324252039534127,"upper_bound":-0.330229033661375},"point_estimate":-0.3689807416079055,"standard_error":0.019080737286018504}}