{"mean":{"confidence_interval":{"confidence_level":0.95,"lower_bound":188866624.357,"upper_bound":208890743.38925},"point_estimate":198334871.38,"standard_error":5112135.195666752},"median":{"confidence_interval":{"confidence_level":0.95,"lower_bound":172948688.0,"upper_bound":179567291.0},"point_estimate":174021444.0,"standard_error":1666996.2787578767},"median_abs_dev":{"confidence_interval":{"confidence_level":0.95,"lower_bound":6613694.640183449,"upper_bound":16385055.834377022},"point_estimate":8908350.201845169,"standard_error":2470925.855968961},"slope":null,"std_dev":{"confidence_interval":{"confidence_level":0.95,"lower_bound":37622328.03617128,"upper_bound":63191331.44585496},"point_estimate":51501911.97931901,"standard_error":6521735.833683199}}