{"mean":{"confidence_interval":{"confidence_level":0.95,"lower_bound":177117065.01,"upper_bound":184588666.78},"point_estimate":180399722.69,"standard_error":1924478.881108476},"median":{"confidence_interval":{"confidence_level":0.95,"lower_bound":176039703.0,"upper_bound":176593961.5},"point_estimate":176344251.0,"standard_error":143612.74042716733},"median_abs_dev":{"confidence_interval":{"confidence_level":0.95,"lower_bound":939104.7688275576,"upper_bound":1520151.2658119202},"point_estimate":1140815.460446477,"standard_error":143502.3453603552},"slope":null,"std_dev":{"confidence_interval":{"confidence_level":0.95,"lower_bound":4907915.868199251,"upper_bound":28743489.54432464},"point_estimate":19417507.25414841,"standard_error":5958461.873852144}}