{"mean":{"confidence_interval":{"confidence_level":0.95,"lower_bound":286851593.94075,"upper_bound":305122247.16775},"point_estimate":295555060.3,"standard_error":4679842.521362505},"median":{"confidence_interval":{"confidence_level":0.95,"lower_bound":271359869.0,"upper_bound":280362659.5},"point_estimate":275142262.5,"standard_error":2261094.0307108},"median_abs_dev":{"confidence_interval":{"confidence_level":0.95,"lower_bound":8521159.581819177,"upper_bound":18812330.352866862},"point_estimate":11626206.512993574,"standard_error":2747777.489032216},"slope":null,"std_dev":{"confidence_interval":{"confidence_level":0.95,"lower_bound":35243822.560357995,"upper_bound":56663388.88397587},"point_estimate":47075949.23886095,"standard_error":5481224.64438864}}