{"mean":{"confidence_interval":{"confidence_level":0.95,"lower_bound":373689788.06,"upper_bound":407171063.62275},"point_estimate":389343824.89,"standard_error":8548079.417406186},"median":{"confidence_interval":{"confidence_level":0.95,"lower_bound":350269950.0,"upper_bound":370806022.0},"point_estimate":365507342.5,"standard_error":5447974.142918307},"median_abs_dev":{"confidence_interval":{"confidence_level":0.95,"lower_bound":23559153.32364142,"upper_bound":43482199.07723665},"point_estimate":36507974.67105389,"standard_error":5353642.058578468},"slope":null,"std_dev":{"confidence_interval":{"confidence_level":0.95,"lower_bound":56681302.99566581,"upper_bound":111095151.3862594},"point_estimate":85705239.05928627,"standard_error":13944965.195247015}}