{"mean":{"confidence_interval":{"confidence_level":0.95,"lower_bound":317156070.75825,"upper_bound":343686017.25075},"point_estimate":329807986.99,"standard_error":6789510.6973283775},"median":{"confidence_interval":{"confidence_level":0.95,"lower_bound":295504303.5,"upper_bound":306256794.5},"point_estimate":299650694.5,"standard_error":2504621.8380767284},"median_abs_dev":{"confidence_interval":{"confidence_level":0.95,"lower_bound":15379240.812563896,"upper_bound":35075622.234383225},"point_estimate":22387690.297839046,"standard_error":5171581.203106904},"slope":null,"std_dev":{"confidence_interval":{"confidence_level":0.95,"lower_bound":50517594.220618755,"upper_bound":82791832.16433202},"point_estimate":68019605.83398548,"standard_error":8265653.66985227}}