{"mean":{"confidence_interval":{"confidence_level":0.95,"lower_bound":34486784.3,"upper_bound":37553972.38},"point_estimate":35924517.245,"standard_error":785994.5156965882},"median":{"confidence_interval":{"confidence_level":0.95,"lower_bound":33207047.25,"upper_bound":33452859.5},"point_estimate":33348732.0,"standard_error":55880.1585327337},"median_abs_dev":{"confidence_interval":{"confidence_level":0.95,"lower_bound":344273.42793792486,"upper_bound":615003.2254815102},"point_estimate":479499.8889371753,"standard_error":67575.37127049816},"slope":null,"std_dev":{"confidence_interval":{"confidence_level":0.95,"lower_bound":5169755.32108266,"upper_bound":10040388.411397744},"point_estimate":7942687.336312186,"standard_error":1245155.8592430286}}