{"mean":{"confidence_interval":{"confidence_level":0.95,"lower_bound":46406916.7015,"upper_bound":49128296.73},"point_estimate":47732218.29,"standard_error":691537.8811153878},"median":{"confidence_interval":{"confidence_level":0.95,"lower_bound":43978785.5,"upper_bound":47707071.0},"point_estimate":45823847.0,"standard_error":1031747.7100182008},"median_abs_dev":{"confidence_interval":{"confidence_level":0.95,"lower_bound":4269302.297204733,"upper_bound":8266102.719247341},"point_estimate":6162700.330290198,"standard_error":1058202.7124508931},"slope":null,"std_dev":{"confidence_interval":{"confidence_level":0.95,"lower_bound":5781764.982725173,"upper_bound":7914669.76534379},"point_estimate":6896387.809440089,"standard_error":549388.7810635649}}