{"mean":{"confidence_interval":{"confidence_level":0.95,"lower_bound":7058630.285000003,"upper_bound":7194023.159892857},"point_estimate":7123850.79,"standard_error":34703.40856933958},"median":{"confidence_interval":{"confidence_level":0.95,"lower_bound":6938849.928571429,"upper_bound":7009462.285714285},"point_estimate":6971730.785714285,"standard_error":16890.23638562518},"median_abs_dev":{"confidence_interval":{"confidence_level":0.95,"lower_bound":106404.5057109426,"upper_bound":220992.43377659953},"point_estimate":155523.46643890633,"standard_error":27876.14911150567},"slope":null,"std_dev":{"confidence_interval":{"confidence_level":0.95,"lower_bound":281437.84843911213,"upper_bound":405406.4415360503},"point_estimate":349156.6493297328,"standard_error":31653.700274255058}}