{"mean":{"confidence_interval":{"confidence_level":0.95,"lower_bound":7180225.1345000025,"upper_bound":7415525.43},"point_estimate":7292204.454285714,"standard_error":60093.60838692109},"median":{"confidence_interval":{"confidence_level":0.95,"lower_bound":7042030.857142857,"upper_bound":7259075.0},"point_estimate":7129877.785714285,"standard_error":53890.73923363194},"median_abs_dev":{"confidence_interval":{"confidence_level":0.95,"lower_bound":273700.02774085297,"upper_bound":428931.7396849401},"point_estimate":332916.7650895462,"standard_error":37899.78035884683},"slope":null,"std_dev":{"confidence_interval":{"confidence_level":0.95,"lower_bound":449616.08359053097,"upper_bound":740411.5390471695},"point_estimate":605924.3150599772,"standard_error":74348.61595642893}}