{"mean":{"confidence_interval":{"confidence_level":0.95,"lower_bound":-0.05844217217983701,"upper_bound":0.0403539751877664},"point_estimate":-0.01005835597350524,"standard_error":0.025334766232471075},"median":{"confidence_interval":{"confidence_level":0.95,"lower_bound":-0.11532617861750467,"upper_bound":-0.006556891424228928},"point_estimate":-0.07213510537280321,"standard_error":0.029366157147747977}}