{"mean":{"confidence_interval":{"confidence_level":0.95,"lower_bound":0.2263050992926939,"upper_bound":0.5535718713140282},"point_estimate":0.3951607375088504,"standard_error":0.08377570442888276},"median":{"confidence_interval":{"confidence_level":0.95,"lower_bound":0.015193196596141378,"upper_bound":0.09788188018020083},"point_estimate":0.049108854119505496,"standard_error":0.022663853876516846}}