{"mean":{"confidence_interval":{"confidence_level":0.95,"lower_bound":0.11856150018167545,"upper_bound":0.18565306972267293},"point_estimate":0.15373522864731592,"standard_error":0.01718340404202024},"median":{"confidence_interval":{"confidence_level":0.95,"lower_bound":0.13676490120139828,"upper_bound":0.1556030937421451},"point_estimate":0.14331132179708383,"standard_error":0.005503829648251182}}