{"mean":{"confidence_interval":{"confidence_level":0.95,"lower_bound":0.05822291172763026,"upper_bound":0.16453130714394118},"point_estimate":0.10876187569694085,"standard_error":0.02716124232951379},"median":{"confidence_interval":{"confidence_level":0.95,"lower_bound":0.15648994498553215,"upper_bound":0.26216656505721825},"point_estimate":0.20247786915716048,"standard_error":0.02717512478737244}}