{"mean":{"confidence_interval":{"confidence_level":0.95,"lower_bound":-0.030905811871608416,"upper_bound":0.022671344061959222},"point_estimate":-0.005084272438662274,"standard_error":0.013700962506524965},"median":{"confidence_interval":{"confidence_level":0.95,"lower_bound":-0.016253988697814692,"upper_bound":0.01837572645500818},"point_estimate":0.0014529299225747305,"standard_error":0.009040803676357867}}