{"mean":{"confidence_interval":{"confidence_level":0.95,"lower_bound":0.13008420655028166,"upper_bound":0.2350611991247002},"point_estimate":0.17780294580395517,"standard_error":0.026920158775311252},"median":{"confidence_interval":{"confidence_level":0.95,"lower_bound":0.11411568508611869,"upper_bound":0.18307856275704637},"point_estimate":0.13628207747852028,"standard_error":0.015568961624566}}