{"mean":{"confidence_interval":{"confidence_level":0.95,"lower_bound":0.08567700468636343,"upper_bound":0.19592429995052973},"point_estimate":0.13351797023723422,"standard_error":0.027802008931416634},"median":{"confidence_interval":{"confidence_level":0.95,"lower_bound":0.06949679665971509,"upper_bound":0.12585190025572568},"point_estimate":0.0892097381852015,"standard_error":0.013515621019869023}}