{"mean":{"confidence_interval":{"confidence_level":0.95,"lower_bound":-0.15210738024112566,"upper_bound":-0.04523033224578958},"point_estimate":-0.09948593615447765,"standard_error":0.02725147745560255},"median":{"confidence_interval":{"confidence_level":0.95,"lower_bound":-0.12072425145355414,"upper_bound":0.02796797196999612},"point_estimate":-0.059181132507860945,"standard_error":0.034562247357277254}}