{"mean":{"confidence_interval":{"confidence_level":0.95,"lower_bound":-0.06316936286069512,"upper_bound":-0.004303100937736862},"point_estimate":-0.0346783000583083,"standard_error":0.015107958226515925},"median":{"confidence_interval":{"confidence_level":0.95,"lower_bound":-0.05624629980136986,"upper_bound":-0.008357184490411673},"point_estimate":-0.029055552957950148,"standard_error":0.012623775956460437}}