{"mean":{"confidence_interval":{"confidence_level":0.95,"lower_bound":0.0610890565694188,"upper_bound":0.1284133835892974},"point_estimate":0.09193937025214538,"standard_error":0.01736191597603347},"median":{"confidence_interval":{"confidence_level":0.95,"lower_bound":0.07968082643260743,"upper_bound":0.09856395075042346},"point_estimate":0.08695816103769904,"standard_error":0.0047487802713333345}}