{"mean":{"confidence_interval":{"confidence_level":0.95,"lower_bound":10406459.593999997,"upper_bound":10997269.202250002},"point_estimate":10684076.242000002,"standard_error":150555.6996557557},"median":{"confidence_interval":{"confidence_level":0.95,"lower_bound":10173688.8,"upper_bound":10531416.2},"point_estimate":10414102.600000001,"standard_error":95061.43152925122},"median_abs_dev":{"confidence_interval":{"confidence_level":0.95,"lower_bound":555171.4209437342,"upper_bound":1120670.633304119},"point_estimate":750213.0813610551,"standard_error":155653.99829583094},"slope":null,"std_dev":{"confidence_interval":{"confidence_level":0.95,"lower_bound":1069608.6127750895,"upper_bound":1901367.3107309563},"point_estimate":1518869.6538558844,"standard_error":211717.43774852535}}