{"mean":{"confidence_interval":{"confidence_level":0.95,"lower_bound":7766995.48925,"upper_bound":8369546.794000001},"point_estimate":8049523.7749999985,"standard_error":155184.7541208894},"median":{"confidence_interval":{"confidence_level":0.95,"lower_bound":7404394.5,"upper_bound":7605187.5},"point_estimate":7504774.25,"standard_error":49373.36190222918},"median_abs_dev":{"confidence_interval":{"confidence_level":0.95,"lower_bound":208647.7768957615,"upper_bound":390625.68061500834},"point_estimate":291756.5245702865,"standard_error":43716.23404814381},"slope":null,"std_dev":{"confidence_interval":{"confidence_level":0.95,"lower_bound":1084277.6131084,"upper_bound":1927948.0373534856},"point_estimate":1560270.5641140584,"standard_error":215637.84683104823}}