{"mean":{"confidence_interval":{"confidence_level":0.95,"lower_bound":0.381208089381069,"upper_bound":0.5071062499240331},"point_estimate":0.4425952053608275,"standard_error":0.03208882581040544},"median":{"confidence_interval":{"confidence_level":0.95,"lower_bound":0.3908251023037736,"upper_bound":0.5104798644421809},"point_estimate":0.4524873413692163,"standard_error":0.03324405339845783}}