{"mean":{"confidence_interval":{"confidence_level":0.95,"lower_bound":236588881.09975,"upper_bound":244290596.90524998},"point_estimate":240230535.53,"standard_error":1966143.8993796785},"median":{"confidence_interval":{"confidence_level":0.95,"lower_bound":233090603.0,"upper_bound":239545321.0},"point_estimate":236842901.5,"standard_error":1577535.0407728704},"median_abs_dev":{"confidence_interval":{"confidence_level":0.95,"lower_bound":9503440.627080202,"upper_bound":15829209.163275361},"point_estimate":13117443.372818828,"standard_error":1626551.2093986755},"slope":null,"std_dev":{"confidence_interval":{"confidence_level":0.95,"lower_bound":13822222.98423805,"upper_bound":25787253.703523166},"point_estimate":19790093.710560285,"standard_error":3130759.602810524}}