{"mean":{"confidence_interval":{"confidence_level":0.95,"lower_bound":188474467.0305,"upper_bound":201620255.76325},"point_estimate":194538346.31,"standard_error":3354647.712318517},"median":{"confidence_interval":{"confidence_level":0.95,"lower_bound":177204783.0,"upper_bound":188687368.5},"point_estimate":184507048.0,"standard_error":3162770.3462730744},"median_abs_dev":{"confidence_interval":{"confidence_level":0.95,"lower_bound":10349313.579162955,"upper_bound":24010120.946735144},"point_estimate":17690249.45193529,"standard_error":3681767.4344893633},"slope":null,"std_dev":{"confidence_interval":{"confidence_level":0.95,"lower_bound":21327850.838935938,"upper_bound":47045279.606615},"point_estimate":33838181.58960641,"standard_error":7052975.384117613}}