{"mean":{"confidence_interval":{"confidence_level":0.95,"lower_bound":94998630.66,"upper_bound":100251533.0975},"point_estimate":97468051.82,"standard_error":1340860.0611435955},"median":{"confidence_interval":{"confidence_level":0.95,"lower_bound":91724102.0,"upper_bound":94949189.5},"point_estimate":93097135.0,"standard_error":812422.8472042548},"median_abs_dev":{"confidence_interval":{"confidence_level":0.95,"lower_bound":4370892.27130115,"upper_bound":8445209.691667557},"point_estimate":5501414.781430364,"standard_error":982350.9805560161},"slope":null,"std_dev":{"confidence_interval":{"confidence_level":0.95,"lower_bound":9696515.20697042,"upper_bound":16769281.93507989},"point_estimate":13482639.466171646,"standard_error":1804750.8616290234}}