{"mean":{"confidence_interval":{"confidence_level":0.95,"lower_bound":31483779.775,"upper_bound":32697974.7585},"point_estimate":32050703.18,"standard_error":311799.0938429337},"median":{"confidence_interval":{"confidence_level":0.95,"lower_bound":30929338.25,"upper_bound":31386160.0},"point_estimate":31135443.75,"standard_error":108619.95702912186},"median_abs_dev":{"confidence_interval":{"confidence_level":0.95,"lower_bound":847557.5563028455,"upper_bound":1497136.8664205074},"point_estimate":1125928.6741107702,"standard_error":166584.3356502202},"slope":null,"std_dev":{"confidence_interval":{"confidence_level":0.95,"lower_bound":1901800.3947271465,"upper_bound":4108114.2094072774},"point_estimate":3135849.743431926,"standard_error":562284.7384231926}}