{"mean":{"confidence_interval":{"confidence_level":0.95,"lower_bound":32677633.676375,"upper_bound":36985798.018},"point_estimate":34732300.945,"standard_error":1098143.4634515618},"median":{"confidence_interval":{"confidence_level":0.95,"lower_bound":29630780.0,"upper_bound":30142340.25},"point_estimate":29917324.5,"standard_error":140563.48381767474},"median_abs_dev":{"confidence_interval":{"confidence_level":0.95,"lower_bound":631653.935135901,"upper_bound":1361328.8555815816},"point_estimate":1024165.2358174324,"standard_error":198785.67039813398},"slope":null,"std_dev":{"confidence_interval":{"confidence_level":0.95,"lower_bound":7848978.877635658,"upper_bound":13683375.90307212},"point_estimate":11110540.96555278,"standard_error":1499060.0966095603}}