{"mean":{"confidence_interval":{"confidence_level":0.95,"lower_bound":593942523.07875,"upper_bound":611907550.72675},"point_estimate":602704671.75,"standard_error":4595410.299891935},"median":{"confidence_interval":{"confidence_level":0.95,"lower_bound":587123565.0,"upper_bound":606989698.0},"point_estimate":594138756.0,"standard_error":5153177.014516345},"median_abs_dev":{"confidence_interval":{"confidence_level":0.95,"lower_bound":33900025.719854236,"upper_bound":56084693.225097656},"point_estimate":45624943.73909533,"standard_error":5516236.456475741},"slope":null,"std_dev":{"confidence_interval":{"confidence_level":0.95,"lower_bound":38274452.017867304,"upper_bound":53082759.8563554},"point_estimate":45844142.970461465,"standard_error":3787407.5790299596}}