{"mean":{"confidence_interval":{"confidence_level":0.95,"lower_bound":394227353.65575004,"upper_bound":407674187.44575},"point_estimate":400190539.95,"standard_error":3450534.666510123},"median":{"confidence_interval":{"confidence_level":0.95,"lower_bound":389864093.0,"upper_bound":391452901.0},"point_estimate":390619759.5,"standard_error":446108.3147977104},"median_abs_dev":{"confidence_interval":{"confidence_level":0.95,"lower_bound":2301083.818627597,"upper_bound":4403765.219217539},"point_estimate":3220052.2111326456,"standard_error":570204.347226537},"slope":null,"std_dev":{"confidence_interval":{"confidence_level":0.95,"lower_bound":14299079.174859347,"upper_bound":50851286.084062785},"point_estimate":34806974.909498654,"standard_error":9354310.816607399}}