{"mean":{"confidence_interval":{"confidence_level":0.95,"lower_bound":331077512.38975,"upper_bound":373405885.3635},"point_estimate":351038608.05,"standard_error":10787831.879841631},"median":{"confidence_interval":{"confidence_level":0.95,"lower_bound":298861539.0,"upper_bound":312203212.0},"point_estimate":308400004.5,"standard_error":2828218.354421111},"median_abs_dev":{"confidence_interval":{"confidence_level":0.95,"lower_bound":26620576.974490285,"upper_bound":48171443.369185925},"point_estimate":38966856.34920001,"standard_error":5513523.861956375},"slope":null,"std_dev":{"confidence_interval":{"confidence_level":0.95,"lower_bound":76244119.04667534,"upper_bound":136443382.42912412},"point_estimate":108299751.615328,"standard_error":15349544.940865865}}