{"mean":{"confidence_interval":{"confidence_level":0.95,"lower_bound":75060065.8055,"upper_bound":75763271.03750001},"point_estimate":75389024.5,"standard_error":180082.8146888708},"median":{"confidence_interval":{"confidence_level":0.95,"lower_bound":74681054.0,"upper_bound":74979731.0},"point_estimate":74821591.0,"standard_error":70437.54960022787},"median_abs_dev":{"confidence_interval":{"confidence_level":0.95,"lower_bound":584809.891692549,"upper_bound":959414.4425544887},"point_estimate":774107.7003568411,"standard_error":95469.85293392673},"slope":null,"std_dev":{"confidence_interval":{"confidence_level":0.95,"lower_bound":1181164.5170523901,"upper_bound":2373071.9126456436},"point_estimate":1807283.402908245,"standard_error":305589.4993885599}}