{"mean":{"confidence_interval":{"confidence_level":0.95,"lower_bound":75094058.83925,"upper_bound":76753582.20549999},"point_estimate":75766966.84,"standard_error":433496.83741937083},"median":{"confidence_interval":{"confidence_level":0.95,"lower_bound":74616579.0,"upper_bound":74918427.0},"point_estimate":74729782.5,"standard_error":87906.54001575333},"median_abs_dev":{"confidence_interval":{"confidence_level":0.95,"lower_bound":425079.9449533224,"upper_bound":857680.3782731295},"point_estimate":622650.4761457443,"standard_error":108053.55087494341},"slope":null,"std_dev":{"confidence_interval":{"confidence_level":0.95,"lower_bound":1301840.7328696968,"upper_bound":7032346.435025898},"point_estimate":4355732.452250656,"standard_error":1729262.5221207247}}