{"mean":{"confidence_interval":{"confidence_level":0.95,"lower_bound":452449042.76,"upper_bound":491091694.92499995},"point_estimate":470606288.89,"standard_error":9860584.601044642},"median":{"confidence_interval":{"confidence_level":0.95,"lower_bound":420619805.0,"upper_bound":462201023.0},"point_estimate":446866176.0,"standard_error":11093633.77364489},"median_abs_dev":{"confidence_interval":{"confidence_level":0.95,"lower_bound":42521221.510997415,"upper_bound":81193647.5901246},"point_estimate":64360361.67937517,"standard_error":10022967.913972018},"slope":null,"std_dev":{"confidence_interval":{"confidence_level":0.95,"lower_bound":66330551.42182735,"upper_bound":131442476.42209649},"point_estimate":99062579.78019524,"standard_error":17051786.951830387}}