{"mean":{"confidence_interval":{"confidence_level":0.95,"lower_bound":0.10316280394590188,"upper_bound":0.22935014266810236},"point_estimate":0.16473597660803696,"standard_error":0.032117762437332005},"median":{"confidence_interval":{"confidence_level":0.95,"lower_bound":0.19018689539446787,"upper_bound":0.4059958006338118},"point_estimate":0.3561454457995623,"standard_error":0.05212675744891386}}