{"mean":{"confidence_interval":{"confidence_level":0.95,"lower_bound":0.01381147323180024,"upper_bound":0.11474086297656597},"point_estimate":0.060979165230341525,"standard_error":0.02530926311897864},"median":{"confidence_interval":{"confidence_level":0.95,"lower_bound":-0.07452116972153554,"upper_bound":-0.002582810089581722},"point_estimate":-0.03598464260982881,"standard_error":0.019234485410215517}}