{"mean":{"confidence_interval":{"confidence_level":0.95,"lower_bound":-0.127247834596617,"upper_bound":0.16436403786304124},"point_estimate":0.012957915817391363,"standard_error":0.07513319422902826},"median":{"confidence_interval":{"confidence_level":0.95,"lower_bound":-0.054636347786022665,"upper_bound":0.051597928956668856},"point_estimate":0.009516729420874892,"standard_error":0.029248456243772734}}