{"mean":{"confidence_interval":{"confidence_level":0.95,"lower_bound":0.0403045501795245,"upper_bound":0.1423187686844188},"point_estimate":0.09159611951912505,"standard_error":0.026110723357648004},"median":{"confidence_interval":{"confidence_level":0.95,"lower_bound":0.08395090669861993,"upper_bound":0.19350072901019555},"point_estimate":0.15237863743401303,"standard_error":0.028189784888771604}}