{"mean":{"confidence_interval":{"confidence_level":0.95,"lower_bound":-0.07548737909025015,"upper_bound":0.06458547950506068},"point_estimate":-0.00801372057283567,"standard_error":0.035724047400114436},"median":{"confidence_interval":{"confidence_level":0.95,"lower_bound":0.015030747672820326,"upper_bound":0.12372782876739045},"point_estimate":0.07032668784649831,"standard_error":0.026054950094361345}}