{"mean":{"confidence_interval":{"confidence_level":0.95,"lower_bound":0.03983011196312445,"upper_bound":0.0657594685224109},"point_estimate":0.053214697418435986,"standard_error":0.006597852352533723},"median":{"confidence_interval":{"confidence_level":0.95,"lower_bound":0.05392465212805009,"upper_bound":0.0666647081512246},"point_estimate":0.06259125825918677,"standard_error":0.0034231037549694895}}