{"mean":{"confidence_interval":{"confidence_level":0.95,"lower_bound":-0.15483677112120575,"upper_bound":-0.03683174876797126},"point_estimate":-0.09893790023931137,"standard_error":0.03011777747161499},"median":{"confidence_interval":{"confidence_level":0.95,"lower_bound":-0.2651669868001866,"upper_bound":-0.10947603897127677},"point_estimate":-0.23194958220009587,"standard_error":0.049133751679546665}}