{"mean":{"confidence_interval":{"confidence_level":0.95,"lower_bound":219087674.9165,"upper_bound":226873587.3475},"point_estimate":222827541.91,"standard_error":1985064.2191689133},"median":{"confidence_interval":{"confidence_level":0.95,"lower_bound":219805790.0,"upper_bound":225691722.0},"point_estimate":223332922.0,"standard_error":1479381.3431393837},"median_abs_dev":{"confidence_interval":{"confidence_level":0.95,"lower_bound":9470761.158460379,"upper_bound":19857906.982451677},"point_estimate":13528414.155122638,"standard_error":2625788.6823356957},"slope":null,"std_dev":{"confidence_interval":{"confidence_level":0.95,"lower_bound":14652483.608931145,"upper_bound":25145876.11540783},"point_estimate":19981319.233039796,"standard_error":2710295.0786908576}}