{"mean":{"confidence_interval":{"confidence_level":0.95,"lower_bound":148514939.42600003,"upper_bound":156814303.35},"point_estimate":152231539.69,"standard_error":2133747.97434845},"median":{"confidence_interval":{"confidence_level":0.95,"lower_bound":146543744.5,"upper_bound":146837045.0},"point_estimate":146659939.5,"standard_error":81470.70171002501},"median_abs_dev":{"confidence_interval":{"confidence_level":0.95,"lower_bound":453124.06475543976,"upper_bound":805121.4679062366},"point_estimate":538633.0182373524,"standard_error":93521.16426511851},"slope":null,"std_dev":{"confidence_interval":{"confidence_level":0.95,"lower_bound":10571184.408267362,"upper_bound":29539690.301780503},"point_estimate":21440604.858582307,"standard_error":4848044.378495316}}