{"mean":{"confidence_interval":{"confidence_level":0.95,"lower_bound":160696126.006,"upper_bound":175828645.129},"point_estimate":167570369.95,"standard_error":3884503.859694592},"median":{"confidence_interval":{"confidence_level":0.95,"lower_bound":151523675.0,"upper_bound":155575811.0},"point_estimate":154149881.0,"standard_error":1037877.2429549809},"median_abs_dev":{"confidence_interval":{"confidence_level":0.95,"lower_bound":5374785.917678475,"upper_bound":11663436.080932617},"point_estimate":7813619.878980517,"standard_error":1705606.8302450958},"slope":null,"std_dev":{"confidence_interval":{"confidence_level":0.95,"lower_bound":21057453.924739964,"upper_bound":54210925.27786358},"point_estimate":39132199.37130101,"standard_error":8592597.332523055}}