{"mean":{"confidence_interval":{"confidence_level":0.95,"lower_bound":179723696.32625002,"upper_bound":202429214.79549998},"point_estimate":190629028.87,"standard_error":5795635.892592371},"median":{"confidence_interval":{"confidence_level":0.95,"lower_bound":159762408.0,"upper_bound":174551647.0},"point_estimate":166167454.0,"standard_error":4192226.9639504873},"median_abs_dev":{"confidence_interval":{"confidence_level":0.95,"lower_bound":19923761.108082533,"upper_bound":40710344.49206938},"point_estimate":29024741.818007827,"standard_error":5930685.1642433135},"slope":null,"std_dev":{"confidence_interval":{"confidence_level":0.95,"lower_bound":46450376.89034053,"upper_bound":68381075.04693812},"point_estimate":58488712.947712235,"standard_error":5567896.718258985}}