{"mean":{"confidence_interval":{"confidence_level":0.95,"lower_bound":2973521064.24,"upper_bound":3086069855.323},"point_estimate":3025834476.79,"standard_error":28927921.479553644},"median":{"confidence_interval":{"confidence_level":0.95,"lower_bound":2908312566.0,"upper_bound":2939711716.0},"point_estimate":2925154194.5,"standard_error":7975478.293717316},"median_abs_dev":{"confidence_interval":{"confidence_level":0.95,"lower_bound":47979399.97069538,"upper_bound":102123320.16314864},"point_estimate":74125111.29311621,"standard_error":13502316.422936551},"slope":null,"std_dev":{"confidence_interval":{"confidence_level":0.95,"lower_bound":177318285.24167714,"upper_bound":385289076.0222609},"point_estimate":291797889.6889577,"standard_error":53128324.89852999}}