{"mean":{"confidence_interval":{"confidence_level":0.95,"lower_bound":2610099851.68375,"upper_bound":2756877238.49675},"point_estimate":2680654403.68,"standard_error":37479207.1799621},"median":{"confidence_interval":{"confidence_level":0.95,"lower_bound":2461895910.0,"upper_bound":2647995931.0},"point_estimate":2533126008.0,"standard_error":42564784.72503626},"median_abs_dev":{"confidence_interval":{"confidence_level":0.95,"lower_bound":150418941.34327748,"upper_bound":374640910.1436943},"point_estimate":248308932.58873522,"standard_error":52646851.36584044},"slope":null,"std_dev":{"confidence_interval":{"confidence_level":0.95,"lower_bound":288217306.8869018,"upper_bound":457165853.04594666},"point_estimate":376773105.7979893,"standard_error":43165515.92637248}}