{"mean":{"confidence_interval":{"confidence_level":0.95,"lower_bound":194531807.35775,"upper_bound":204111375.7035},"point_estimate":198197031.65,"standard_error":2543850.1711538564},"median":{"confidence_interval":{"confidence_level":0.95,"lower_bound":192279335.0,"upper_bound":195086675.0},"point_estimate":193499069.0,"standard_error":633729.9251707373},"median_abs_dev":{"confidence_interval":{"confidence_level":0.95,"lower_bound":3517608.5432499647,"upper_bound":6300865.30443728},"point_estimate":4858041.264152527,"standard_error":682489.5012711418},"slope":null,"std_dev":{"confidence_interval":{"confidence_level":0.95,"lower_bound":6545689.809282964,"upper_bound":42279526.41103528},"point_estimate":25541464.349060778,"standard_error":11605883.051941939}}