{"mean":{"confidence_interval":{"confidence_level":0.95,"lower_bound":182644215.7165,"upper_bound":190243598.8715},"point_estimate":186260668.78,"standard_error":1941542.353076885},"median":{"confidence_interval":{"confidence_level":0.95,"lower_bound":175722381.0,"upper_bound":183556502.0},"point_estimate":180340601.5,"standard_error":2026003.337582243},"median_abs_dev":{"confidence_interval":{"confidence_level":0.95,"lower_bound":7983806.788659096,"upper_bound":17084178.891295195},"point_estimate":13415003.411436081,"standard_error":2443109.9626194816},"slope":null,"std_dev":{"confidence_interval":{"confidence_level":0.95,"lower_bound":14667191.255187783,"upper_bound":24653455.536569454},"point_estimate":19490204.483076327,"standard_error":2624086.799204483}}