{"mean":{"confidence_interval":{"confidence_level":0.95,"lower_bound":-0.2938566259203927,"upper_bound":-0.18331571526561094},"point_estimate":-0.23955835873203135,"standard_error":0.028367807141151606},"median":{"confidence_interval":{"confidence_level":0.95,"lower_bound":-0.37742437660717787,"upper_bound":-0.236743336018712},"point_estimate":-0.2857401589098827,"standard_error":0.036980308276112664}}