{"mean":{"confidence_interval":{"confidence_level":0.95,"lower_bound":-0.4223134696558506,"upper_bound":-0.3821048583290951},"point_estimate":-0.40231721238479345,"standard_error":0.010264947086305251},"median":{"confidence_interval":{"confidence_level":0.95,"lower_bound":-0.4050283980745242,"upper_bound":-0.37193615058198387},"point_estimate":-0.3824045821104052,"standard_error":0.009358379851568208}}