{"mean":{"confidence_interval":{"confidence_level":0.95,"lower_bound":0.00358375831438984,"upper_bound":0.02016861782723578},"point_estimate":0.012154338252176933,"standard_error":0.004237661813676943},"median":{"confidence_interval":{"confidence_level":0.95,"lower_bound":0.005915834178024992,"upper_bound":0.025140401409514013},"point_estimate":0.01687463714134929,"standard_error":0.005115050112017967}}