{"mean":{"confidence_interval":{"confidence_level":0.95,"lower_bound":0.03925931567005874,"upper_bound":0.11286117235839456},"point_estimate":0.0731696732302678,"standard_error":0.02041346071520554},"median":{"confidence_interval":{"confidence_level":0.95,"lower_bound":-0.0044460964389277935,"upper_bound":0.00698206222165676},"point_estimate":-0.0005747773581097348,"standard_error":0.002713577167979539}}