{"mean":{"confidence_interval":{"confidence_level":0.95,"lower_bound":0.06603397448518358,"upper_bound":0.15379887442994214},"point_estimate":0.10743038455941845,"standard_error":0.022795561299386702},"median":{"confidence_interval":{"confidence_level":0.95,"lower_bound":0.03561789128049808,"upper_bound":0.07248572442833545},"point_estimate":0.045165634695296,"standard_error":0.009931680859380653}}