{"mean":{"confidence_interval":{"confidence_level":0.95,"lower_bound":-0.4656046948502627,"upper_bound":-0.39779716966673606},"point_estimate":-0.433454502257572,"standard_error":0.017341282857731632},"median":{"confidence_interval":{"confidence_level":0.95,"lower_bound":-0.5293269327438916,"upper_bound":-0.40804981208597174},"point_estimate":-0.4689307720555327,"standard_error":0.03469105345677029}}