{"mean":{"confidence_interval":{"confidence_level":0.95,"lower_bound":-0.02251786357897366,"upper_bound":0.17433986782940325},"point_estimate":0.06876043923210462,"standard_error":0.05015160205452107},"median":{"confidence_interval":{"confidence_level":0.95,"lower_bound":-0.06262838389684167,"upper_bound":0.2633262036151245},"point_estimate":0.01683029089019694,"standard_error":0.07282947609597669}}