{"mean":{"confidence_interval":{"confidence_level":0.95,"lower_bound":0.18430371647399332,"upper_bound":0.31602142416449674},"point_estimate":0.2502302302870878,"standard_error":0.03391901322635728},"median":{"confidence_interval":{"confidence_level":0.95,"lower_bound":0.14716182600753203,"upper_bound":0.30439336033215714},"point_estimate":0.25328180272278233,"standard_error":0.04461367650682755}}