{"mean":{"confidence_interval":{"confidence_level":0.95,"lower_bound":8429260191.02825,"upper_bound":9018026058.718498},"point_estimate":8723451714.38,"standard_error":150677078.1842319},"median":{"confidence_interval":{"confidence_level":0.95,"lower_bound":8863298574.0,"upper_bound":9308617674.0},"point_estimate":9085708306.0,"standard_error":128254697.76706886},"median_abs_dev":{"confidence_interval":{"confidence_level":0.95,"lower_bound":779871963.063705,"upper_bound":1905922732.2475076},"point_estimate":1319000665.6219573,"standard_error":284673791.529633},"slope":null,"std_dev":{"confidence_interval":{"confidence_level":0.95,"lower_bound":1331641135.3357954,"upper_bound":1691862355.4859755},"point_estimate":1519763241.8698776,"standard_error":91552766.82037957}}