{"mean":{"confidence_interval":{"confidence_level":0.95,"lower_bound":2732647436.7587504,"upper_bound":2943098393.4065003},"point_estimate":2835058239.99,"standard_error":53710315.35707741},"median":{"confidence_interval":{"confidence_level":0.95,"lower_bound":2503950828.0,"upper_bound":2787912254.0},"point_estimate":2613420364.0,"standard_error":62636318.354937695},"median_abs_dev":{"confidence_interval":{"confidence_level":0.95,"lower_bound":241453514.10754323,"upper_bound":593280072.8155732},"point_estimate":405031633.5866511,"standard_error":78687822.78918031},"slope":null,"std_dev":{"confidence_interval":{"confidence_level":0.95,"lower_bound":454493515.14184815,"upper_bound":610072783.9861939},"point_estimate":539464613.6692163,"standard_error":39823064.05450546}}