{"mean":{"confidence_interval":{"confidence_level":0.95,"lower_bound":2663122582.13,"upper_bound":2871790735.928},"point_estimate":2764038295.0,"standard_error":53307520.535234146},"median":{"confidence_interval":{"confidence_level":0.95,"lower_bound":2440309121.0,"upper_bound":2486496709.0},"point_estimate":2449483627.5,"standard_error":17121875.321354147},"median_abs_dev":{"confidence_interval":{"confidence_level":0.95,"lower_bound":45939001.33478969,"upper_bound":187467360.34348905},"point_estimate":79124915.80155194,"standard_error":41735932.03683249},"slope":null,"std_dev":{"confidence_interval":{"confidence_level":0.95,"lower_bound":433062064.5586432,"upper_bound":625470542.6432507},"point_estimate":536974837.3432194,"standard_error":49149048.03822794}}