{"mean":{"confidence_interval":{"confidence_level":0.95,"lower_bound":8706143.031666666,"upper_bound":9660880.464208335},"point_estimate":9148892.445,"standard_error":243745.76666532655},"median":{"confidence_interval":{"confidence_level":0.95,"lower_bound":8325058.666666667,"upper_bound":8442045.333333334},"point_estimate":8374559.416666666,"standard_error":32195.668558399982},"median_abs_dev":{"confidence_interval":{"confidence_level":0.95,"lower_bound":213554.56505864812,"upper_bound":370320.11492550303},"point_estimate":287896.946188807,"standard_error":41024.78015179486},"slope":null,"std_dev":{"confidence_interval":{"confidence_level":0.95,"lower_bound":1525896.3626073792,"upper_bound":3202126.5947865704},"point_estimate":2464196.3359427284,"standard_error":426748.15699776553}}