{"mean":{"confidence_interval":{"confidence_level":0.95,"lower_bound":7385162.551571426,"upper_bound":8048166.481928573},"point_estimate":7697325.547142855,"standard_error":169817.77709728017},"median":{"confidence_interval":{"confidence_level":0.95,"lower_bound":7008392.642857143,"upper_bound":7076258.428571428},"point_estimate":7035165.571428572,"standard_error":17401.47282061906},"median_abs_dev":{"confidence_interval":{"confidence_level":0.95,"lower_bound":89028.64581942558,"upper_bound":188278.75945738345},"point_estimate":125245.28027645277,"standard_error":27113.959128618906},"slope":null,"std_dev":{"confidence_interval":{"confidence_level":0.95,"lower_bound":1197102.3467019286,"upper_bound":2107173.484378357},"point_estimate":1707902.1390603562,"standard_error":232211.03372720798}}