{"mean":{"confidence_interval":{"confidence_level":0.95,"lower_bound":8919786.888,"upper_bound":10063187.674},"point_estimate":9443998.582000002,"standard_error":294327.21107539727},"median":{"confidence_interval":{"confidence_level":0.95,"lower_bound":8336520.2,"upper_bound":8422595.3},"point_estimate":8376886.1,"standard_error":22793.644819900597},"median_abs_dev":{"confidence_interval":{"confidence_level":0.95,"lower_bound":160278.69405448437,"upper_bound":356526.30129039247},"point_estimate":249636.1805480716,"standard_error":47609.02356228218},"slope":null,"std_dev":{"confidence_interval":{"confidence_level":0.95,"lower_bound":1847117.7489351071,"upper_bound":3942584.1834201836},"point_estimate":2975136.069395908,"standard_error":537582.4289492492}}