{"mean":{"confidence_interval":{"confidence_level":0.95,"lower_bound":0.17921363364165654,"upper_bound":0.2849472457303819},"point_estimate":0.23367565626599562,"standard_error":0.027121059232618015},"median":{"confidence_interval":{"confidence_level":0.95,"lower_bound":0.30205854400108767,"upper_bound":0.36214242439393507},"point_estimate":0.33003649141598435,"standard_error":0.016043729720532987}}