{"mean":{"confidence_interval":{"confidence_level":0.95,"lower_bound":81132514.49675,"upper_bound":90466474.90974998},"point_estimate":85635136.57,"standard_error":2389528.797500683},"median":{"confidence_interval":{"confidence_level":0.95,"lower_bound":70740824.0,"upper_bound":79551197.0},"point_estimate":72886182.0,"standard_error":2588040.5475971233},"median_abs_dev":{"confidence_interval":{"confidence_level":0.95,"lower_bound":5162806.738641858,"upper_bound":17671636.89186573},"point_estimate":8440323.042154312,"standard_error":3658350.887889613},"slope":null,"std_dev":{"confidence_interval":{"confidence_level":0.95,"lower_bound":19099446.70629362,"upper_bound":28095141.26914884},"point_estimate":24010302.73233932,"standard_error":2292280.621821383}}