{"mean":{"confidence_interval":{"confidence_level":0.95,"lower_bound":445504645.63225,"upper_bound":471796730.9},"point_estimate":456982309.25,"standard_error":6765870.519628908},"median":{"confidence_interval":{"confidence_level":0.95,"lower_bound":435525116.0,"upper_bound":436376148.0},"point_estimate":435965656.0,"standard_error":210811.0786427298},"median_abs_dev":{"confidence_interval":{"confidence_level":0.95,"lower_bound":2106431.8040158614,"upper_bound":8352755.498608947},"point_estimate":5387982.5400441885,"standard_error":1596371.684641884},"slope":null,"std_dev":{"confidence_interval":{"confidence_level":0.95,"lower_bound":34355857.19890481,"upper_bound":100650150.10550855},"point_estimate":67470840.77860226,"standard_error":19037903.087290518}}