{"mean":{"confidence_interval":{"confidence_level":0.95,"lower_bound":492695565.0345,"upper_bound":524351922.95},"point_estimate":506810433.76,"standard_error":8119818.032578983},"median":{"confidence_interval":{"confidence_level":0.95,"lower_bound":482276196.0,"upper_bound":490959469.5},"point_estimate":487774823.5,"standard_error":2130355.7272214144},"median_abs_dev":{"confidence_interval":{"confidence_level":0.95,"lower_bound":16695824.430289865,"upper_bound":29859295.119291544},"point_estimate":23994115.538719296,"standard_error":3379257.081519386},"slope":null,"std_dev":{"confidence_interval":{"confidence_level":0.95,"lower_bound":35141619.83709611,"upper_bound":118444814.11077578},"point_estimate":81618948.07528739,"standard_error":21394329.80653616}}