{"mean":{"confidence_interval":{"confidence_level":0.95,"lower_bound":172754313.9755,"upper_bound":183911547.02624997},"point_estimate":177789774.61,"standard_error":2869133.9209422455},"median":{"confidence_interval":{"confidence_level":0.95,"lower_bound":169285776.0,"upper_bound":169681113.0},"point_estimate":169451161.5,"standard_error":99102.2305606101},"median_abs_dev":{"confidence_interval":{"confidence_level":0.95,"lower_bound":541441.0625874996,"upper_bound":1087759.137788415},"point_estimate":775897.939825058,"standard_error":140414.7779454625},"slope":null,"std_dev":{"confidence_interval":{"confidence_level":0.95,"lower_bound":15509814.104700817,"upper_bound":39083074.748634055},"point_estimate":28869917.904886365,"standard_error":6033392.639770395}}