{"mean":{"confidence_interval":{"confidence_level":0.95,"lower_bound":241088607.01,"upper_bound":248751794.197},"point_estimate":244830136.9,"standard_error":1951373.416524098},"median":{"confidence_interval":{"confidence_level":0.95,"lower_bound":235843890.0,"upper_bound":245998311.0},"point_estimate":240047327.5,"standard_error":2694043.9485095185},"median_abs_dev":{"confidence_interval":{"confidence_level":0.95,"lower_bound":13235029.118031263,"upper_bound":22167911.160340905},"point_estimate":17582915.144240856,"standard_error":2417876.715559378},"slope":null,"std_dev":{"confidence_interval":{"confidence_level":0.95,"lower_bound":16338269.242941292,"upper_bound":22636661.616908457},"point_estimate":19606369.32950615,"standard_error":1613680.9384757655}}