{"mean":{"confidence_interval":{"confidence_level":0.95,"lower_bound":453712263.72325003,"upper_bound":465530508.72},"point_estimate":458251878.72,"standard_error":3134179.950505405},"median":{"confidence_interval":{"confidence_level":0.95,"lower_bound":452280243.5,"upper_bound":453251194.0},"point_estimate":452877037.5,"standard_error":270774.27071696677},"median_abs_dev":{"confidence_interval":{"confidence_level":0.95,"lower_bound":1724492.0897841454,"upper_bound":2813850.637891665},"point_estimate":2333283.962675929,"standard_error":277197.4694782368},"slope":null,"std_dev":{"confidence_interval":{"confidence_level":0.95,"lower_bound":6673159.26667788,"upper_bound":51946988.914205745},"point_estimate":31421074.245033175,"standard_error":14199615.123066429}}